{"cameraMode":{"drawMode":0,"name":"Shaded","section":"Shading Mode"},"sceneLighting":false,"audioPlay":false,"sceneViewState":{"m_AlwaysRefresh":false,"showFog":true,"showSkybox":false,"showFlares":true,"showImageEffects":true,"showParticleSystems":true,"showVisualEffectGraphs":true,"m_FxEnabled":true},"in2DMode":false,"pivot":{"x":-0.1877610981464386,"y":0.798898458480835,"z":-1.2121214866638184},"rotation":{"x":0.40482696890830996,"y":-0.028246037662029268,"z":0.012512780725955964,"w":0.9138742089271545},"size":12.672722816467286,"orthographic":false}